"=""comments_count""","=""created_time""","=""id""","=""likes_count""","=""owner_id""","=""parent_id""","=""text""","=""timestamp"""
0,"=""2022-08-10T00:22:22""","=""17934691709463164""",0,"=""513855723""","=""2901361177209803194""","=""😍😍😍😍""",1660090942
0,"=""2022-08-10T00:20:03""","=""17950607882079498""",0,"=""49883925132""","=""2901361177209803194""","=""Esse governador é top. Gosto mto de vc . Com a graça de Deus já está eleito""",1660090803
0,"=""2022-08-10T00:19:15""","=""18040552003366039""",0,"=""27977854""","=""2901361177209803194""","=""KKKKKKK 🆘""",1660090755
0,"=""2022-08-10T00:18:50""","=""17953711651989271""",0,"=""2272288012""","=""2901361177209803194""","=""😂😂😂😂😂""",1660090730
0,"=""2022-08-10T00:13:08""","=""18015234367425183""",0,"=""4629027088""","=""2901361177209803194""","=""Kkk""",1660090388
0,"=""2022-08-10T00:11:32""","=""17944530782313022""",0,"=""49746166528""","=""2901361177209803194""","=""😂😂😂""",1660090292
0,"=""2022-08-10T00:11:30""","=""17996746291493908""",0,"=""1241594394""","=""2901361177209803194""","=""😁😁😁😁😁""",1660090290
0,"=""2022-08-10T00:10:38""","=""17952839783056536""",0,"=""17190713723""","=""2901361177209803194""","=""Baummm demais da conta 👏👏😂""",1660090238
0,"=""2022-08-10T00:09:56""","=""17959302670910019""",0,"=""4215713136""","=""2901361177209803194""","=""Kkkkk""",1660090196
0,"=""2022-08-10T00:09:28""","=""17939257721134044""",0,"=""5152112021""","=""2901361177209803194""","=""😂😂😂😂😂😂""",1660090168
0,"=""2022-08-10T00:08:10""","=""17930659022293311""",0,"=""280626919""","=""2901361177209803194""","=""😂🥰👏""",1660090090
0,"=""2022-08-10T00:07:54""","=""17869625660751490""",0,"=""414288770""","=""2901361177209803194""","=""👏👏👏👏 😂😂😂😂""",1660090074
0,"=""2022-08-10T00:07:37""","=""18288248911079681""",0,"=""50431873112""","=""2901361177209803194""","=""Que senhor @ronaldocaiado continua sendo esse homem digno e d caráter. Eu sonho de está com senhor algum dia👏👏👏""",1660090057
0,"=""2022-08-10T00:06:10""","=""17896563464600098""",0,"=""2246266272""","=""2901361177209803194""","=""👏👏👏👏👏😍""",1660089970
0,"=""2022-08-10T00:04:53""","=""17932203110262729""",0,"=""4146385252""","=""2901361177209803194""","=""😂😂😂😂😂😂😂😂""",1660089893
0,"=""2022-08-10T00:04:06""","=""17942834741228963""",0,"=""3025714806""","=""2901361177209803194""","=""👏👏👏""",1660089846
0,"=""2022-08-10T00:03:20""","=""17898095195647651""",2,"=""2259189296""","=""2901361177209803194""","=""Um dos médicos mais humanos,que já conheci 🙌❤️""",1660089800
0,"=""2022-08-09T23:59:58""","=""17988010504498551""",1,"=""202908522""","=""2901361177209803194""","=""KKKKKKKKKKKK bom d+""",1660089598
0,"=""2022-08-09T23:58:11""","=""17866201082762412""",0,"=""5389503166""","=""2901361177209803194""","=""🙌@caiadoreeleito.arrocha, juntos por Goiás @ronaldocaiado 👏🚀💤""",1660089491
0,"=""2022-08-09T23:57:54""","=""17990572450524311""",0,"=""5938000507""","=""2901361177209803194""","=""😂😂😂😂👏👏👏👏""",1660089474
0,"=""2022-08-09T23:57:42""","=""18223739890146635""",1,"=""4358199875""","=""2901361177209803194""","=""🤣🤣🤣 gov tá cm uma carinha boa, feliz 🙏🏻🙏🏻🙏🏻""",1660089462
0,"=""2022-08-09T23:57:06""","=""17972045131676661""",1,"=""4301307698""","=""2901361177209803194""","=""😂😂😂vídeo Mara!!!!!👏👏""",1660089426
0,"=""2022-08-09T23:56:22""","=""17909752865614866""",1,"=""9238018030""","=""2901361177209803194""","=""👏👏👏🙏🙏""",1660089382
0,"=""2022-08-10T00:01:03""","=""17902897661557161""",0,"=""568370063""","=""2901217436432469341""","=""👏👏👏👏👏👏""",1660089663
0,"=""2022-08-09T23:56:21""","=""17904785048534381""",0,"=""475525618""","=""2901217436432469341""","=""@naneberquo""",1660089381
0,"=""2022-08-09T23:51:22""","=""17933093087376624""",0,"=""420506740""","=""2901217436432469341""","=""👏👏👏👏👏👏👏❤️❤️""",1660089082
0,"=""2022-08-09T23:49:38""","=""17930577161432360""",0,"=""3922276542""","=""2901217436432469341""","=""Goiás Arrochou tanto que não fez nada nestes últimos anos.""",1660088978
0,"=""2022-08-09T23:32:26""","=""17916456236562673""",0,"=""702517105""","=""2901217436432469341""","=""#arrochagoiás 👏👏👏 🚀🚀🚀🚀""",1660087946
0,"=""2022-08-09T23:30:53""","=""17932086278458781""",0,"=""2319308804""","=""2901217436432469341""","=""Meu Governador 👏👏👏""",1660087853
0,"=""2022-08-09T23:30:36""","=""18309561427048057""",0,"=""1806814141""","=""2901217436432469341""","=""🙌🙌🙌""",1660087836
0,"=""2022-08-09T23:29:38""","=""18283685716075711""",0,"=""29119426754""","=""2901217436432469341""","=""🙌🙌🙌🙌🙌👏👏👏👏🔥🔥🔥❤️❤️""",1660087778
0,"=""2022-08-09T23:26:52""","=""17980324168592333""",0,"=""9294210462""","=""2901217436432469341""","=""Governador @ronaldocaiado se senhor continuar sendo governador de Goiás em 2023 q creio q será,senhor ira continuar  om os programas aluguel social e maes de Goiás?""",1660087612
0,"=""2022-08-09T23:21:08""","=""18316390312058773""",0,"=""1178270233""","=""2901217436432469341""","=""@ronaldocaiado  não é só eu que quero não, arrocha Goiás que o Caíado ainda vai fazer muito mais, e assim; não é só eu que quero não! E sim à população de Goiás também quer, tamo junto""",1660087268
0,"=""2022-08-09T23:20:36""","=""17977612666571149""",0,"=""22933327427""","=""2901217436432469341""","=""😂😂😂😂😂""",1660087236
0,"=""2022-08-09T23:18:49""","=""18170921110223655""",0,"=""334783697""","=""2901217436432469341""","=""🚀 🚀🚀🚀""",1660087129
0,"=""2022-08-09T23:16:30""","=""17962099555884851""",0,"=""398403816""","=""2901217436432469341""","=""👏👏👏👏""",1660086990
0,"=""2022-08-09T23:14:06""","=""17843553569826460""",0,"=""903883978""","=""2901217436432469341""","=""Que demais!! 😂👏""",1660086846
0,"=""2022-08-09T23:10:33""","=""18044869510357929""",0,"=""7290033762""","=""2901217436432469341""","=""Boa 😂😂😂😂😂""",1660086633
0,"=""2022-08-09T23:07:15""","=""18010675939439372""",0,"=""5847917916""","=""2901217436432469341""","=""😂😂😂😂😂😂😂😂😂""",1660086435
0,"=""2022-08-09T23:06:02""","=""17958071806899295""",0,"=""5430306356""","=""2901217436432469341""","=""Booooora meu governador 💪💪👏👏""",1660086362
0,"=""2022-08-09T23:04:15""","=""18056601304328450""",0,"=""1655550741""","=""2901217436432469341""","=""😂😂😂😂""",1660086255
0,"=""2022-08-09T22:41:02""","=""17960651959787347""",0,"=""28800228310""","=""2901217436432469341""","=""Kkkkkk sei bem.... o Cachoeira quer voltar""",1660084862
0,"=""2022-08-09T22:31:52""","=""17958682282821819""",0,"=""1955909248""","=""2901217436432469341""","=""MEU GOVERNADOR 🙏🏾🙌🏾""",1660084312
0,"=""2022-08-09T22:31:44""","=""17843713337828370""",0,"=""1955909248""","=""2901217436432469341""","=""meu""",1660084304
0,"=""2022-08-09T22:31:19""","=""17971735555732983""",0,"=""7740908401""","=""2901217436432469341""","=""👏👏👏👏👏""",1660084279
0,"=""2022-08-09T22:29:30""","=""17927896577518085""",0,"=""7856424706""","=""2901217436432469341""","=""😂""",1660084170
0,"=""2022-08-09T22:25:52""","=""18314318296035482""",0,"=""14032999112""","=""2901217436432469341""","=""Arrochaaaaaaaaaaaaaa""",1660083952
0,"=""2022-08-09T22:23:41""","=""17956611985844694""",0,"=""319187699""","=""2901217436432469341""","=""4️⃣4️⃣✔️""",1660083821
0,"=""2022-08-09T22:21:27""","=""17915718698555618""",0,"=""9850156568""","=""2901217436432469341""","=""@ronaldocaiado  estamos com você""",1660083687
0,"=""2022-08-09T22:15:39""","=""18102481966288371""",0,"=""6610772323""","=""2901217436432469341""","=""Arrochaaaaaa👏👏👏👏""",1660083339
0,"=""2022-08-09T22:13:47""","=""17934775769346962""",0,"=""54164283948""","=""2901217436432469341""","=""🙌👏👏""",1660083227
0,"=""2022-08-09T22:13:44""","=""17948053520116252""",0,"=""54164283948""","=""2901217436432469341""","=""👏""",1660083224
0,"=""2022-08-09T22:08:26""","=""17956924942943587""",0,"=""54926133""","=""2901217436432469341""","=""esse *Arrrroooocchhhhhaaaaaa Goiás*  eu tive a honra de ouvir bem de perto na convenção!!
Foi uma festa linda!! @ronaldocaiado 

👏🏻👏🏻👏🏻👏🏻👏🏻👏🏻👏🏻👏🏻""",1660082906
0,"=""2022-08-09T22:03:37""","=""17924382050522752""",0,"=""5956443005""","=""2901217436432469341""","=""Vai retirar a taxação de 14,25% dos aposentados servidores públicos?""",1660082617
0,"=""2022-08-09T22:02:51""","=""18138312487283755""",0,"=""3505897842""","=""2901217436432469341""","=""🙏🏻🙏🏻🙏🏻🙏🏻💪💪💪💪💪💪🚀🚀🚀🚀🚀🇧🇷✅""",1660082571
0,"=""2022-08-09T21:48:32""","=""17971669372667560""",0,"=""2217626517""","=""2901217436432469341""","=""🚀🚀🚀🚀🚀""",1660081712
0,"=""2022-08-09T21:47:45""","=""18311087203049347""",0,"=""1091561123""","=""2901217436432469341""","=""Arrochaaaaaa 44 👏👏👏""",1660081665
0,"=""2022-08-09T21:39:46""","=""17951899178019686""",0,"=""2246266272""","=""2901217436432469341""","=""👏👏👏👏👏😍""",1660081186
0,"=""2022-08-09T21:37:04""","=""18023826061401330""",0,"=""1619962592""","=""2901217436432469341""","=""😁🤜🤛🚀""",1660081024
0,"=""2022-08-09T21:32:19""","=""17954931646984957""",0,"=""309577726""","=""2901217436432469341""","=""🔝🔝🙏🙏🚀🚀🚀""",1660080739
0,"=""2022-08-09T21:28:27""","=""18177242512240822""",0,"=""186053012""","=""2901217436432469341""","=""Aí tem fôlego, disposição  e trabalho! Parabéns nosso governador @ronaldocaiado""",1660080507
0,"=""2022-08-09T21:26:58""","=""17949374173958648""",0,"=""5591083641""","=""2901217436432469341""","=""Aii assusta os adversários kkkkkk""",1660080418
0,"=""2022-08-09T21:24:41""","=""17915641211594591""",0,"=""2578242125""","=""2901217436432469341""","=""❤️❤️❤️❤️👏👏👏👏👏👏👏""",1660080281
0,"=""2022-08-09T21:23:02""","=""17863270526772662""",0,"=""295664858""","=""2901217436432469341""","=""Arrochaaaaaa👏👏👏😅""",1660080182
0,"=""2022-08-09T21:22:24""","=""17967777988756434""",0,"=""4728277361""","=""2901217436432469341""","=""Vai fechar o comércio denovo se ganhar""",1660080144
0,"=""2022-08-09T21:21:05""","=""17973692851641460""",0,"=""2252452693""","=""2901217436432469341""","=""🔥🔥🔥""",1660080065
0,"=""2022-08-09T21:16:32""","=""17930910464290922""",0,"=""6939432938""","=""2901217436432469341""","=""Arrocha Goiás! 👏👏👏""",1660079792
0,"=""2022-08-09T21:14:34""","=""17942262992078057""",0,"=""203103837""","=""2901217436432469341""","=""😂😂😂😂😂😂😂aoooo Goias""",1660079674
0,"=""2022-08-09T21:14:31""","=""17930881841403912""",0,"=""48836083853""","=""2901217436432469341""","=""ARROCHA 👏👏👏👏👏""",1660079671
0,"=""2022-08-09T21:12:51""","=""17988210505540565""",0,"=""6282834380""","=""2901217436432469341""","=""😍😂👏👏👏👏""",1660079571
0,"=""2022-08-09T21:06:28""","=""17927593973331131""",0,"=""2248152689""","=""2901217436432469341""","=""👏👏👏❤️""",1660079188
0,"=""2022-08-09T21:04:22""","=""17930460911390926""",0,"=""49104764465""","=""2901217436432469341""","=""Nunca teve um governador tão excelente, em questão da educação e da saúde.""",1660079062
0,"=""2022-08-09T21:03:12""","=""18060840679322078""",1,"=""14429397468""","=""2901217436432469341""","=""Já ganhou Deus o abençoe""",1660078992
0,"=""2022-08-09T21:01:39""","=""17934968693365807""",0,"=""3071525189""","=""2901217436432469341""","=""😂😂😂😂😂""",1660078899
0,"=""2022-08-09T20:58:20""","=""17967299647779079""",0,"=""317042582""","=""2901217436432469341""","=""Arrooooocha Goiás 👏👏👏""",1660078700
0,"=""2022-08-09T20:56:54""","=""17972431495678831""",0,"=""944437557""","=""2901217436432469341""","=""👏👏👏👏👏❤️""",1660078614
0,"=""2022-08-09T20:55:36""","=""17929869545436931""",0,"=""271899522""","=""2901217436432469341""","=""❤️""",1660078536
0,"=""2022-08-09T20:46:57""","=""17950360757092073""",0,"=""50062355470""","=""2901217436432469341""","=""👏👏👏👏👏👏👏💯💯💯💯💯🇧🇷🇧🇷🇧🇷🇧🇷🇧🇷22❤️""",1660078017
0,"=""2022-08-09T20:46:56""","=""17970971560735612""",0,"=""30830164670""","=""2901217436432469341""","=""👏👏👏""",1660078016
0,"=""2022-08-09T20:45:43""","=""18024143398403882""",0,"=""52099855403""","=""2901217436432469341""","=""Tmj""",1660077943
0,"=""2022-08-09T20:43:58""","=""18005411041457495""",0,"=""37744990106""","=""2901217436432469341""","=""Vamos rumo a vitória 👏👏👏👏👏""",1660077838
1,"=""2022-08-09T20:43:50""","=""18223068913183726""",0,"=""4471832841""","=""2901217436432469341""","=""@ronaldocaiado e sobre o cancelamento da aposentadoria de alguns colegas da polícia científica de Góias @sindpericiasgo @aspecgo""",1660077830
0,"=""2022-08-09T20:41:42""","=""17946502658136057""",0,"=""2459290719""","=""2901217436432469341""","=""Esse dia ficou pra história de goias e do Brasil.... 👏👏👏👏👏""",1660077702
0,"=""2022-08-09T20:39:25""","=""17941086200099953""",0,"=""1389527799""","=""2901217436432469341""","=""Ele é arrochadooooooooo👏👏👏👏👏👏👏👏👏👏👏!😂""",1660077565
0,"=""2022-08-09T20:33:01""","=""18220961194196136""",0,"=""7252321742""","=""2901217436432469341""","=""👏👏""",1660077181
0,"=""2022-08-09T20:29:29""","=""17849434445812820""",0,"=""50478306523""","=""2901217436432469341""","=""👏👏👏👏👏👏""",1660076969
0,"=""2022-08-09T20:27:59""","=""17979087079609639""",1,"=""51011598036""","=""2901217436432469341""","=""Meu governador""",1660076879
0,"=""2022-08-09T20:27:53""","=""17929220741315236""",1,"=""1808609731""","=""2901217436432469341""","=""👏👏👏👏👏🙌🏼👏🏼👏🏼👏🏼👏🏼😅😅😅😅""",1660076873
0,"=""2022-08-09T20:24:09""","=""17916753431561403""",1,"=""22690877""","=""2901217436432469341""","=""🚀🚀🚀""",1660076649
0,"=""2022-08-09T20:21:54""","=""18000973771472164""",0,"=""27277485727""","=""2901217436432469341""","=""4️⃣4️⃣✅👏👏👏👏""",1660076514
0,"=""2022-08-09T20:21:07""","=""17916374792590552""",1,"=""318427854""","=""2901217436432469341""","=""😂😂😂😂😂😂😂😂😂""",1660076467
0,"=""2022-08-09T20:21:04""","=""17921431571404364""",1,"=""242113950""","=""2901217436432469341""","=""😂😂😂😂😂😂

ARROOOOOOOOOOOOOOOOOOOOOOOOOOOOOOOOOOOOOOOOCHA GOIÁS!!!! 🚀🚀🚀🚀""",1660076464
0,"=""2022-08-09T20:20:44""","=""17948409442982591""",0,"=""1827920688""","=""2901217436432469341""","=""👏👏👏""",1660076444
0,"=""2022-08-09T20:19:43""","=""17965556143816211""",1,"=""49532331605""","=""2901217436432469341""","=""Arrooooooooochagoias 👏👏👏""",1660076383
0,"=""2022-08-09T20:19:18""","=""17927910056518116""",0,"=""2020240884""","=""2901217436432469341""","=""Arrocha goias 👏👏👏👏""",1660076358
0,"=""2022-08-09T20:18:33""","=""17931932795457412""",1,"=""8685132186""","=""2901217436432469341""","=""Essa foi massa, compartilhando em 3..2..1.. 😂😂😂😂😂😂""",1660076313
0,"=""2022-08-09T20:17:59""","=""17974331098642778""",1,"=""431815500""","=""2901217436432469341""","=""🚀🚀🚀🚀🚀""",1660076279
1,"=""2022-08-09T20:14:30""","=""17952017261046030""",2,"=""203047763""","=""2901217436432469341""","=""Kkll adorei. Arrooooooooooochaaaaaaaaa Goiás""",1660076070
1,"=""2022-08-09T20:12:38""","=""17952020996046970""",2,"=""291797487""","=""2901217436432469341""","=""Meu governador 🙌""",1660075958
1,"=""2022-08-09T20:12:20""","=""17971950553666709""",2,"=""2207596575""","=""2901217436432469341""","=""@ronaldocaiado 👏👏reeleito 2022 🔥""",1660075940
0,"=""2022-08-09T20:10:59""","=""17962515448746024""",1,"=""9142602150""","=""2901217436432469341""","=""👏👏👏👏""",1660075859
0,"=""2022-08-09T20:10:42""","=""17987537485531878""",1,"=""1698041180""","=""2901217436432469341""","=""❤️❤️❤️❤️❤️❤️😂😂😂😂""",1660075842
1,"=""2022-08-09T20:10:07""","=""18238738798189240""",2,"=""1385849048""","=""2901217436432469341""","=""RUMO AO TOPO GOIÁS 👏🚀""",1660075807
1,"=""2022-08-09T20:06:15""","=""18179834593226756""",2,"=""281000470""","=""2901217436432469341""","=""Arrrochhhhaaaaaaa meu governador!!!!!""",1660075575
0,"=""2022-08-09T20:04:38""","=""17854184699778202""",1,"=""4070511138""","=""2901217436432469341""","=""Arrocha!!!!""",1660075478
0,"=""2022-08-09T20:04:27""","=""17861994053777442""",2,"=""48734364711""","=""2901217436432469341""","=""Arrochaaaaaaaa Goiás 👏👏👏👏""",1660075467
2,"=""2022-08-09T20:03:54""","=""17889136898678365""",2,"=""9879030661""","=""2901217436432469341""","=""Borrrraaaaaaaa👏👏👏👏👏👏👏👏🔥🔥""",1660075434
0,"=""2022-08-09T20:03:10""","=""18105389824295956""",1,"=""48734364711""","=""2901217436432469341""","=""👏👏👏👏👏👏👏""",1660075390
0,"=""2022-08-09T20:03:08""","=""17843324048830133""",2,"=""4540247244""","=""2901217436432469341""","=""👏👏👏👏arrochaaa""",1660075388
1,"=""2022-08-09T20:02:41""","=""18221726746150680""",2,"=""22396177""","=""2901217436432469341""","=""Desse jeito mesmo! 😂 #arrochagoiás""",1660075361
2,"=""2022-08-09T20:00:44""","=""17978150806621960""",3,"=""1457815775""","=""2901217436432469341""","=""@ronaldocaiado  íiiiiiiiiiiiuuuuuuuuuuuu vamos q vamosssssssss Goiás  juntos ❤  podemos  mais""",1660075244
1,"=""2022-08-09T19:59:14""","=""17866843103760180""",3,"=""1564712175""","=""2901217436432469341""","=""Melhor governador de Goiás! ✅""",1660075154
0,"=""2022-08-09T19:59:00""","=""17983243513575762""",0,"=""4978842859""","=""2901217436432469341""","=""😂😂😂😂😂😂😂""",1660075140
0,"=""2022-08-09T19:58:54""","=""17940682160271485""",1,"=""1564712175""","=""2901217436432469341""","=""👏👏👏👏👏""",1660075134
0,"=""2022-08-09T19:58:46""","=""18188817175201459""",1,"=""1564712175""","=""2901217436432469341""","=""Meu governador ✅""",1660075126
0,"=""2022-08-09T19:55:48""","=""17964540079827570""",1,"=""253542545""","=""2901217436432469341""","=""Esse #arrocha ecoa em todo Estado de Goiás 👏🏻👏🏻👏🏻👏🏻👏🏻👏🏻👏🏻👊🏻💪🏻❤️❤️❤️❤️❤️❤️❤️❤️""",1660074948
0,"=""2022-08-09T19:55:19""","=""17936825450168862""",1,"=""1337291737""","=""2901217436432469341""","=""Aeeeeeeee 👏👏👏👏👏""",1660074919
0,"=""2022-08-09T19:53:00""","=""17967573913780126""",0,"=""1006295545""","=""2901217436432469341""","=""Arrooooooooooooooooooooooooooocha Goiás ♥""",1660074780
0,"=""2022-08-09T19:52:34""","=""17936181458185383""",2,"=""589813112""","=""2901217436432469341""","=""Fala pra nós o que vc vai fazer para a segurança pública se reeleito ?""",1660074754
0,"=""2022-08-09T19:47:09""","=""17971002022686384""",0,"=""1304405546""","=""2901217436432469341""","=""Arrooocha meu governador 🚀🚀🚀🥰""",1660074429
0,"=""2022-08-09T19:45:25""","=""17919223517531387""",0,"=""8981583155""","=""2901217436432469341""","=""😂😂😂 Gostei!!!👏👏👏""",1660074325
0,"=""2022-08-09T19:44:17""","=""18175802236239460""",0,"=""4936021224""","=""2901217436432469341""","=""👏👏👏👏👏👏👏👏❤️""",1660074257
0,"=""2022-08-09T19:43:13""","=""17962588258865842""",0,"=""4955570164""","=""2901217436432469341""","=""😍😍🙌🙌""",1660074193
0,"=""2022-08-10T00:24:47""","=""17933400818240368""",0,"=""249311017""","=""2901107836441207851""","=""Esse dia foi mágico👏👏👏 #primeiroturno""",1660091087
0,"=""2022-08-09T23:14:32""","=""17929640315452776""",0,"=""1384236360""","=""2901107836441207851""","=""Esse é o nosso GOVERNADOR""",1660086872
0,"=""2022-08-09T23:01:51""","=""17986574569557055""",0,"=""7259094056""","=""2901107836441207851""","=""Parabéns 👏👏👏👏💚🇧🇷""",1660086111
0,"=""2022-08-09T22:19:53""","=""17929507448426089""",0,"=""314275285""","=""2901107836441207851""","=""👏👏👏👏👏""",1660083593
0,"=""2022-08-09T22:07:24""","=""18056388574330286""",0,"=""8476591296""","=""2901107836441207851""","=""Meu Governador 👏👏👏""",1660082844
0,"=""2022-08-09T21:20:28""","=""18176042953237821""",0,"=""11954592030""","=""2901107836441207851""","=""👏👏👏👏👏👏👏""",1660080028
0,"=""2022-08-09T21:14:37""","=""17971260478734845""",0,"=""6282834380""","=""2901107836441207851""","=""Arrrooooocha Goiás 👏👏👏""",1660079677
0,"=""2022-08-09T20:48:49""","=""18325722244049656""",0,"=""4532072550""","=""2901107836441207851""","=""👏👏👏""",1660078129
0,"=""2022-08-09T20:45:58""","=""17938108961146110""",0,"=""48734364711""","=""2901107836441207851""","=""👏👏👏👏👏👏👏👏👏👏""",1660077958
0,"=""2022-08-09T20:13:29""","=""18250414318111151""",0,"=""54522369454""","=""2901107836441207851""","=""Amém""",1660076009
0,"=""2022-08-09T20:12:51""","=""17933206625374171""",0,"=""54522369454""","=""2901107836441207851""","=""👏👏👏👏👏👏meu governo""",1660075971
0,"=""2022-08-09T19:32:54""","=""17969150362692104""",0,"=""3827841654""","=""2901107836441207851""","=""Arrocha Goiás!""",1660073574
0,"=""2022-08-09T18:59:08""","=""17951498218930738""",1,"=""1586326037""","=""2901107836441207851""","=""👏👏👏""",1660071548
0,"=""2022-08-09T18:40:51""","=""17944590773319227""",0,"=""2050982217""","=""2901107836441207851""","=""Senhor governador por que os colégios militares combram taxa de alunos e ninguém faz nada""",1660070451
0,"=""2022-08-09T18:04:59""","=""18208410949088194""",0,"=""49079016042""","=""2901107836441207851""","=""Tem mostrado como se governa com honestidade e compromisso, quero mais 4 anos com o senhor governando e fazendo mais por Goiás""",1660068299
0,"=""2022-08-09T18:01:37""","=""17939741945123262""",0,"=""49028338040""","=""2901107836441207851""","=""Se Deus quiser vai ser mais 4 anos de muito trabalho. 👏👏👏👏👏👏""",1660068097
0,"=""2022-08-09T18:01:02""","=""17922103181397982""",0,"=""49233549549""","=""2901107836441207851""","=""Meu condidato, Goiás está contigo""",1660068062
0,"=""2022-08-09T17:53:48""","=""17954696011874818""",0,"=""7051983153""","=""2901107836441207851""","=""Foi lindo! Energia positiva...#arrochagoias""",1660067628
0,"=""2022-08-09T17:47:59""","=""17970939484732972""",0,"=""3321074098""","=""2901107836441207851""","=""Grana boa hein?""",1660067279
0,"=""2022-08-09T17:36:54""","=""18306305131027279""",0,"=""364899704""","=""2901107836441207851""","=""➕4️⃣ pro @ronaldocaiado""",1660066614
0,"=""2022-08-09T17:34:17""","=""17990060032522701""",0,"=""14311518881""","=""2901107836441207851""","=""Finalmente um governador que dá orgulho aos Goianos!""",1660066457
0,"=""2022-08-09T17:33:21""","=""17943208502188266""",0,"=""52774965502""","=""2901107836441207851""","=""Governador de novo  com força do povo👏👏👏""",1660066401
0,"=""2022-08-09T17:16:05""","=""17906842721625361""",0,"=""45941228015""","=""2901107836441207851""","=""👏👏👏👏👏""",1660065365
0,"=""2022-08-09T17:08:24""","=""17972708911716210""",0,"=""39457877186""","=""2901107836441207851""","=""👏👏👏👏👏👏""",1660064904
0,"=""2022-08-09T17:05:13""","=""18217717465159545""",0,"=""414288770""","=""2901107836441207851""","=""Arroooooocha👏👏👏""",1660064713
0,"=""2022-08-09T17:00:56""","=""17935283819365603""",0,"=""7740908401""","=""2901107836441207851""","=""👏👏👏👏👏🙏🙏🙏🙏""",1660064456
0,"=""2022-08-09T16:57:43""","=""17924579681353046""",0,"=""13262412326""","=""2901107836441207851""","=""Ele demorou muito pra chegar ao cargo de governador do Estado de Goiás,hj está aí levando humores de transformação para esse Goiás lindo. Que Deus te abençoe sempre meu candidato a governador 🙏😊""",1660064263
0,"=""2022-08-09T16:53:30""","=""17944189943282775""",0,"=""50558218642""","=""2901107836441207851""","=""Arrocha Goiás!!!!""",1660064010
0,"=""2022-08-09T16:52:48""","=""18190812148206433""",0,"=""41082345832""","=""2901107836441207851""","=""👏👏👏👏""",1660063968
0,"=""2022-08-09T16:37:54""","=""17962208107874699""",0,"=""34415309434""","=""2901107836441207851""","=""👏👏👏 🙏 🚀🚀🚀 Éhhhh 44 , 44 , 44 que à gente quer ...""",1660063074
0,"=""2022-08-09T16:37:05""","=""18142440667272430""",0,"=""5382434845""","=""2901107836441207851""","=""Foi emocionante  esse  momento""",1660063025
0,"=""2022-08-09T16:33:11""","=""17889155138680258""",0,"=""4325125402""","=""2901107836441207851""","=""🙌👏👏""",1660062791
0,"=""2022-08-09T16:32:14""","=""18105213409288539""",0,"=""49896139664""","=""2901107836441207851""","=""Arrocha Goiás.....👏👏👏👏""",1660062734
0,"=""2022-08-09T16:28:43""","=""18209747518094062""",0,"=""38457022807""","=""2901107836441207851""","=""Pra cima 44 🙏🏻🚀🙏🏻🚀""",1660062523
0,"=""2022-08-09T16:28:41""","=""17919125702540405""",0,"=""320690619""","=""2901107836441207851""","=""👏👏👏👏👏👏👏👏""",1660062521
0,"=""2022-08-09T16:27:16""","=""17963887603731618""",1,"=""1362478814""","=""2901107836441207851""","=""Rumo à vitória primeiro turno ,foi lindo a convenção a alegria das pessoas era contagiante 😍""",1660062436
0,"=""2022-08-09T16:26:23""","=""17928205241330143""",1,"=""10123267764""","=""2901107836441207851""","=""Boa tarde que Deus te abençoe é te ilumine sempre Boa sorte e muitas bençãos de Deus esteja com você e sua família 🙏🙏""",1660062383
0,"=""2022-08-09T16:25:10""","=""17929711595425126""",0,"=""3969349435""","=""2901107836441207851""","=""👏👏👏muito bom !!! Eu acompanhei de perto ...""",1660062310
0,"=""2022-08-09T16:23:33""","=""18008888389446655""",0,"=""442094118""","=""2901107836441207851""","=""Foi maravilhoso👏👏👏👏👏👏👏👏👏""",1660062213
0,"=""2022-08-09T16:22:31""","=""17924590766356025""",0,"=""1906400206""","=""2901107836441207851""","=""1º TURNO HAHAHAHA!!! EU JÁ SABIA!!""",1660062151
0,"=""2022-08-09T16:09:54""","=""17949895688095358""",1,"=""1572698410""","=""2901107836441207851""","=""👏👏👏👏👏👏👏""",1660061394
1,"=""2022-08-09T16:08:47""","=""17865109631766348""",2,"=""35388331377""","=""2901107836441207851""","=""Hoje eu tem 34 ate hoje senhor tá sendo melhor governador estado Goiás que Deus abençoa muito sua vida sua carreira""",1660061327
0,"=""2022-08-09T16:08:36""","=""17870896688743821""",1,"=""54392495469""","=""2901107836441207851""","=""Aôôô...👏👏👏👏👏""",1660061316
0,"=""2022-08-09T16:02:58""","=""17909222744614776""",1,"=""3241998530""","=""2901107836441207851""","=""👏👏👏👏👏👏👏👏🙌""",1660060978
0,"=""2022-08-09T16:02:33""","=""18313887727005882""",1,"=""944437557""","=""2901107836441207851""","=""👏👏👏👏👏👏❤️🙌""",1660060953
1,"=""2022-08-09T16:01:39""","=""18024484954399849""",2,"=""7172882016""","=""2901107836441207851""","=""👏👏👏👏 vamos que vamos arrocha Goiás com Deus na frente tudo da certo""",1660060899
0,"=""2022-08-09T15:58:03""","=""17941857584212469""",1,"=""1623463692""","=""2901107836441207851""","=""Que venha no primeiro turno ☑️""",1660060683
0,"=""2022-08-09T15:57:37""","=""17863185575770797""",1,"=""52099855403""","=""2901107836441207851""","=""👏👏👏👏🙌🙌👏👏tmj""",1660060657
0,"=""2022-08-09T15:57:16""","=""18148753495266562""",1,"=""1806790252""","=""2901107836441207851""","=""👏👏👏😍""",1660060636
0,"=""2022-08-09T15:55:53""","=""17922101117397045""",1,"=""5414582436""","=""2901107836441207851""","=""Chegou a hora de unir Goiás 44 😍""",1660060553
1,"=""2022-08-09T15:53:41""","=""17959105912807488""",3,"=""3977642183""","=""2901107836441207851""","=""Melhor governo que Goiás já teve, tamo junto governador 👏👏👏👏👏""",1660060421
1,"=""2022-08-09T15:51:52""","=""17852566631796841""",1,"=""5610360182""","=""2901107836441207851""","=""Amém governador! Dará tudo certo com as bençãos do Divino Pai Eterno!!!🙌""",1660060312
0,"=""2022-08-09T15:51:51""","=""17943332084073786""",1,"=""5676256614""","=""2901107836441207851""","=""👏👏👏""",1660060311
0,"=""2022-08-09T15:50:17""","=""17950944980095936""",1,"=""15700174985""","=""2901107836441207851""","=""🙌🙌🙌👏👏👏""",1660060217
0,"=""2022-08-09T15:49:40""","=""18104591152291951""",1,"=""299473402""","=""2901107836441207851""","=""👏👏👏👏👏🙌🙌🙏🙏""",1660060180
0,"=""2022-08-09T15:48:40""","=""18223374874147334""",1,"=""1417835434""","=""2901107836441207851""","=""👏👏👏""",1660060120
0,"=""2022-08-09T15:47:38""","=""17932970627247951""",0,"=""1702098781""","=""2901107836441207851""","=""🙌🙌👏👏👏👏👏😍""",1660060058
1,"=""2022-08-09T15:47:19""","=""18156647737300561""",1,"=""920644037""","=""2901107836441207851""","=""Vamo com Tudo Governador👏👏👏👏""",1660060039
0,"=""2022-08-09T15:46:42""","=""18137141851279744""",1,"=""6888904710""","=""2901107836441207851""","=""Quem faz pra um pobre tem recompensa de Deus por tem o meu voto @ronaldocaiado @lulaoficial 😍""",1660060002
0,"=""2022-08-09T15:44:20""","=""18240136834188459""",1,"=""4108032366""","=""2901107836441207851""","=""👏👏👏👏""",1660059860
0,"=""2022-08-09T15:44:16""","=""17935417490354554""",1,"=""34166687272""","=""2901107836441207851""","=""👏""",1660059856
0,"=""2022-08-09T15:44:10""","=""17874834089733965""",0,"=""49217221646""","=""2901107836441207851""","=""@ronaldocaiado vamos sempre te cobrar,  não feche as escolas do alunos que estudam a noite , turma do Eja.  O povo vai pra rua se vc fechar.""",1660059850
1,"=""2022-08-09T15:43:59""","=""17925281489338545""",2,"=""1077502407""","=""2901107836441207851""","=""Parabéns meu amigo e governador @ronaldocaiado será nossa vitória no primeiro turno 🚀🚀🚀🚀 #arrochagoiás 👏👏🤝🤝👍""",1660059839
0,"=""2022-08-09T15:43:50""","=""18311976268021553""",1,"=""1532727244""","=""2901107836441207851""","=""👏👏👏👏""",1660059830
,"=""2022-08-09T15:38:50""","=""17922130595390165""",1,"=""1188102785""","=""2901107836441207851""","=""👏👏👏👏👏 Arrocha meu Governador""",1660059530
0,"=""2022-08-09T15:38:35""","=""17945507444310977""",1,"=""605193711""","=""2901107836441207851""","=""👏👏👏👏👏""",1660059515
0,"=""2022-08-09T15:37:37""","=""17973788800639837""",1,"=""54099643543""","=""2901107836441207851""","=""👏👏❤️""",1660059457
0,"=""2022-08-09T15:37:01""","=""18212053708085393""",1,"=""25548579157""","=""2901107836441207851""","=""👏👏👏👏👏👏""",1660059421
0,"=""2022-08-09T15:36:33""","=""17888522234682820""",1,"=""431815500""","=""2901107836441207851""","=""Amém meu amigo, vamos pra cima!!! 🙌🏼🚀🚀🚀🙏🏽""",1660059393
0,"=""2022-08-09T15:35:46""","=""17954812108950484""",1,"=""531317973""","=""2901107836441207851""","=""Arrochaaaaa Goiás 👏🏻👏🏻""",1660059346
1,"=""2022-08-09T15:35:30""","=""17879426462709292""",1,"=""896363173""","=""2901107836441207851""","=""Foi de ARREPIAR 👏👏👏👏👏👏👏👏🙏🏻""",1660059330
0,"=""2022-08-09T15:33:35""","=""17969871943704968""",1,"=""6681076756""","=""2901107836441207851""","=""👏👏👏""",1660059215
0,"=""2022-08-09T15:33:05""","=""17844774668824482""",1,"=""1779460950""","=""2901107836441207851""","=""👏👏👏👏""",1660059185
0,"=""2022-08-10T00:06:06""","=""17944942472167754""",0,"=""285657877""","=""2901338810593967352""","=""Tmj, governador! 🙌""",1660089966
0,"=""2022-08-09T23:56:56""","=""17928226529515910""",0,"=""5610764313""","=""2901338810593967352""","=""Vamos que vamos! 👏 👏👏👏""",1660089416
0,"=""2022-08-09T23:49:24""","=""18312345922012160""",0,"=""1622786246""","=""2901338810593967352""","=""👏👏👏👏""",1660088964
0,"=""2022-08-09T23:39:29""","=""18069579613311756""",0,"=""49483086305""","=""2901338810593967352""","=""Eu também sou Rocha""",1660088369
0,"=""2022-08-09T23:33:58""","=""17934468917206671""",0,"=""253607555""","=""2901338810593967352""","=""Parabéns Governador 🚀""",1660088038
0,"=""2022-08-09T23:32:44""","=""17889812732623138""",0,"=""1170979033""","=""2901338810593967352""","=""Nosso governador transformou Rondônia 👏👏""",1660087964
0,"=""2022-08-09T23:30:44""","=""17894711834604393""",0,"=""2372271961""","=""2901338810593967352""","=""👏👏👏👏""",1660087844
0,"=""2022-08-09T23:29:14""","=""18072913849308038""",0,"=""5762862638""","=""2901338810593967352""","=""Com Deus no comando, Rondônia segue prosperando, vamos firmes na rocha que é Cristo  e com @celmarcosrocha governador 🙏""",1660087754
0,"=""2022-08-09T23:25:44""","=""18004593340460814""",0,"=""16230610080""","=""2901338810593967352""","=""Com certeza estamos no caminho certo!!👏👏👏""",1660087544
0,"=""2022-08-09T23:25:26""","=""18083167135306998""",0,"=""4145918400""","=""2901338810593967352""","=""Um grande Cristão , homem honesto""",1660087526
0,"=""2022-08-09T23:25:24""","=""17988334885531786""",0,"=""31113873669""","=""2901338810593967352""","=""👏👏👏👏👏""",1660087524
0,"=""2022-08-09T23:25:02""","=""17903433683552017""",0,"=""13062375386""","=""2901338810593967352""","=""👏👏👏""",1660087502
0,"=""2022-08-09T23:18:19""","=""17972981230712107""",0,"=""1632118793""","=""2901338810593967352""","=""👏👏👏""",1660087099
0,"=""2022-08-09T23:57:21""","=""17931817907249496""",0,"=""5610764313""","=""2901301959383680784""","=""🙏🙏🙏🙏""",1660089441
0,"=""2022-08-09T23:48:53""","=""17962107973879487""",0,"=""1622786246""","=""2901301959383680784""","=""Amém 🙌""",1660088933
0,"=""2022-08-09T23:40:47""","=""17941624577222575""",0,"=""30097189111""","=""2901301959383680784""","=""🔥🙌""",1660088447
0,"=""2022-08-09T23:34:14""","=""17934499055464015""",0,"=""40469810296""","=""2901301959383680784""","=""👏👏👏👏👏""",1660088054
0,"=""2022-08-09T23:30:24""","=""17990781949525805""",0,"=""8013817099""","=""2901301959383680784""","=""🙌🙌🙌""",1660087824
0,"=""2022-08-09T23:30:23""","=""17951754239066140""",0,"=""2372271961""","=""2901301959383680784""","=""Vamos juntos @celmarcosrocha  nessa caminhada. 🙌🙌""",1660087823
0,"=""2022-08-09T23:29:35""","=""17987793244537192""",0,"=""13584270838""","=""2901301959383680784""","=""👏👏🏻👏""",1660087775
0,"=""2022-08-09T23:23:38""","=""18250187167104489""",0,"=""7921227667""","=""2901301959383680784""","=""Amém 🙏🏼🙏🏼""",1660087418
0,"=""2022-08-09T23:12:41""","=""17969579581702749""",0,"=""1125572888""","=""2901301959383680784""","=""Deus na frente sempre !!! 🙌""",1660086761
0,"=""2022-08-09T23:11:08""","=""17900940407572673""",0,"=""36825575468""","=""2901301959383680784""","=""O Governador Cel Marcos Rocha, O Senhor está como sempre, no caminho certo da bondade dividida, do respeito ao próximo e da sua FÉ no Deus de todas as coisas. Nada vai lhe abalar!!!!""",1660086668
0,"=""2022-08-09T23:07:10""","=""17943254933077175""",0,"=""50911812681""","=""2901301959383680784""","=""👏👏👏👏👏👏""",1660086430
0,"=""2022-08-09T23:06:32""","=""17939048873495522""",0,"=""25622309339""","=""2901301959383680784""","=""🙏🙏🙏🙏🙏🙏🙏🙏🙏🙏🙏🙏""",1660086392
0,"=""2022-08-09T22:56:43""","=""17983495447570248""",0,"=""1592828048""","=""2901301959383680784""","=""Amém 🙌""",1660085803
0,"=""2022-08-09T22:51:19""","=""17966144935819316""",0,"=""53231309453""","=""2901301959383680784""","=""👏👏👏👏💙💙""",1660085479
0,"=""2022-08-09T22:47:55""","=""17934395204231718""",0,"=""5846822359""","=""2901301959383680784""","=""🙏🏻💪🏻""",1660085275
0,"=""2022-08-09T22:43:36""","=""17902674767559468""",0,"=""1492827674""","=""2901301959383680784""","=""👏👏👏👏👏 Top""",1660085016
0,"=""2022-08-09T22:39:59""","=""18221833450145554""",0,"=""419404310""","=""2901301959383680784""","=""🙏🏻🙏🏻🙏🏻""",1660084799
0,"=""2022-08-09T22:37:52""","=""17930341619305694""",0,"=""789250901""","=""2901301959383680784""","=""Tens um linda missão!
É nós somos gratos por tudo que já fez e irá fazer pelo povo rondoniense!""",1660084672
0,"=""2022-08-09T22:32:42""","=""18181586905224882""",0,"=""53606093777""","=""2901301959383680784""","=""Deus sempre na frente 🙌""",1660084362
0,"=""2022-08-09T22:31:48""","=""17944835846047349""",0,"=""35574006400""","=""2901301959383680784""","=""Deus o abençoe, Governador Marcos Rocha 🙌🙌""",1660084308
0,"=""2022-08-09T22:29:57""","=""17946630083303337""",0,"=""1222447957""","=""2901301959383680784""","=""Verdade Governador @celmarcosrocha a palavra de Deus nos fala que precisamos exercer o dom que recebemos com  a finalidade de servir; administrando fielmente está graça de várias formas; vejo que Deus lhe concedeu a graça, neste tempo, de cuidar dos rondonienses e administrar nosso Estado. Como nosso chefe de estado, louvo a Deus pelo seu exercício na certeza que vens fazendo com amor e humildade. Continue firme no seu propósito, pois Deus honra os que nele confiam e segue.
#coronelmarcosrocha
#eliasrezende""",1660084197
0,"=""2022-08-09T22:28:28""","=""17966884579793580""",0,"=""180391876""","=""2901301959383680784""","=""🙏🏾""",1660084108
0,"=""2022-08-09T22:21:37""","=""17996721013459302""",0,"=""463196803""","=""2901301959383680784""","=""Amém 🙏🏻🙏🏻🙏🏻""",1660083697
0,"=""2022-08-09T22:17:16""","=""17927065817519392""",0,"=""1830741245""","=""2901301959383680784""","=""👏👏👏👏👏""",1660083436
0,"=""2022-08-09T22:16:13""","=""18104138356294681""",0,"=""5987040043""","=""2901301959383680784""","=""❤️❤️❤️❤️❤️❤️❤️❤️❤️❤️❤️❤️❤️❤️❤️❤️""",1660083373
0,"=""2022-08-09T22:16:01""","=""18072128323308597""",0,"=""5987040043""","=""2901301959383680784""","=""Amém Governador Marcos Rocha 🙏🙏🙏🙏🙏🙏🙏🙏🙏🙏🙏🙏🙏🙏🙏🙏🙏🙏🙏🙏🙏🙏🙏🙏🙏🙏🙏🙏🙏🙏🙏🙏🙏🙏🙏🙏🙏🙏🙏🙏🙏🙏🙏🙏🙏🙏🙏🙏🙏🙏🙏🙏🙏🙏🙏🙏🙏🙏🙏🙏🙏🙏🙏""",1660083361
0,"=""2022-08-09T22:15:36""","=""18314159929027632""",0,"=""5987040043""","=""2901301959383680784""","=""👏👏👏👏👏👏👏👏👏👏👏👏👏👏👏👏👏👏👏👏👏👏👏👏👏👏👏👏👏👏👏👏👏👏👏👏👏👏👏👏👏👏👏👏👏👏👏👏👏👏👏👏👏👏👏👏👏👏👏👏👏👏👏👏👏👏👏👏👏👏👏👏👏👏👏👏👏👏👏👏👏👏👏👏👏👏👏👏👏👏""",1660083336
0,"=""2022-08-09T22:15:20""","=""17964127156862472""",0,"=""9402324313""","=""2901301959383680784""","=""E Deus conhece o coração de cada um. E Deus tem feito coisas maravilhosas acontecerem através de sua gestão, meu Governador.
Porque Ele sabe do seu potencial … 🙏🏻""",1660083320
0,"=""2022-08-09T22:14:08""","=""17884476563694517""",0,"=""368527530""","=""2901301959383680784""","=""Deus no comando! 🙏""",1660083248
0,"=""2022-08-09T22:12:21""","=""18310286908026679""",0,"=""2258791254""","=""2901301959383680784""","=""Tudo que acontece nessa terra e por permissão dEle. Que Deus os abençoe!!""",1660083141
0,"=""2022-08-09T22:12:01""","=""17973485671644392""",0,"=""7945961083""","=""2901301959383680784""","=""👍🙏🙌🔥""",1660083121
0,"=""2022-08-09T22:09:46""","=""17981349493544773""",0,"=""8364168869""","=""2901301959383680784""","=""🙌🙌""",1660082986
0,"=""2022-08-09T22:06:54""","=""17946318254298136""",0,"=""1453336740""","=""2901301959383680784""","=""Glória a Deus em todo o tempo e lugar""",1660082814
0,"=""2022-08-09T22:06:27""","=""17952614837011592""",0,"=""633169669""","=""2901301959383680784""","=""Deus no comando sempre 🙏💪""",1660082787
0,"=""2022-08-09T22:05:37""","=""17951470705901901""",0,"=""29546898148""","=""2901301959383680784""","=""Deus na frente sempre!🙌""",1660082737
0,"=""2022-08-09T22:03:32""","=""17939487737336597""",0,"=""358685589""","=""2901301959383680784""","=""Que Deus continue guiando o senhor  Governador 🙏🏼""",1660082612
0,"=""2022-08-09T22:03:07""","=""17925670358338920""",0,"=""358685589""","=""2901301959383680784""","=""Que Deus continue guiando o senhor  Governador 🙏🏼""",1660082587
0,"=""2022-08-09T22:00:47""","=""18246489031104367""",0,"=""478973110""","=""2901301959383680784""","=""Amém!""",1660082447
0,"=""2022-08-09T21:58:32""","=""17965873102718637""",0,"=""1179022050""","=""2901301959383680784""","=""👏👏👏👏""",1660082312
0,"=""2022-08-09T21:57:54""","=""17925829781339699""",0,"=""3890682939""","=""2901301959383680784""","=""🙏🏻🙏🏻""",1660082274
0,"=""2022-08-09T21:57:42""","=""17977341163568808""",0,"=""4377928583""","=""2901301959383680784""","=""Meu governador""",1660082262
0,"=""2022-08-09T21:57:06""","=""17975360605648852""",0,"=""1170979033""","=""2901301959383680784""","=""Amém 🙌""",1660082226
0,"=""2022-08-09T23:48:01""","=""17934743453207222""",0,"=""1622786246""","=""2901161714747779927""","=""Governador @celmarcosrocha, o senhor é incrível👏👊🤝""",1660088881
0,"=""2022-08-09T23:45:57""","=""17956143178843045""",0,"=""4092657510""","=""2901161714747779927""","=""👏👏👏❤️""",1660088757
0,"=""2022-08-09T22:55:11""","=""17966106826795053""",0,"=""1592828048""","=""2901161714747779927""","=""Momentos que trazem saudades e orgulho do pequeno Marquinhos, essas histórias são sempre boas 😂😍""",1660085711
0,"=""2022-08-09T21:59:58""","=""17958636601816800""",0,"=""478973110""","=""2901161714747779927""","=""Tenho muito orgulho 👏""",1660082398
0,"=""2022-08-09T20:43:09""","=""18070637746311329""",0,"=""53071785842""","=""2901161714747779927""","=""Boas lembranças governador @celmarcosrocha 👏""",1660077789
0,"=""2022-08-09T20:42:12""","=""18212291209080131""",0,"=""31113873669""","=""2901161714747779927""","=""Governador @celmarcosrocha o senhor é uma benção 🙌👏👏""",1660077732
1,"=""2022-08-09T19:56:51""","=""17952504308069223""",0,"=""7028372038""","=""2901161714747779927""","=""👏👏🚀🚀""",1660075011
,"=""2022-08-09T19:24:47""","=""17951525206923724""",0,"=""698295706""","=""2901161714747779927""","=""🚀💙""",1660073087
2,"=""2022-08-09T19:14:57""","=""17942481569237471""",0,"=""1163147742""","=""2901161714747779927""","=""Nosso Governador é um ser humano incrível, Ama sua família..😊😊😊""",1660072497
1,"=""2022-08-09T19:11:10""","=""17950633382086026""",0,"=""5987040043""","=""2901161714747779927""","=""👏👏👏👏👏👏👏👏👏👏👏👏👏👏👏👏👏👏👏👏👏👏👏👏👏👏👏👏👏👏👏👏👏👏👏👏👏👏👏👏👏👏👏👏👏👏👏👏👏👏👏👏👏👏👏👏👏👏👏👏👏👏👏👏👏👏👏👏👏👏👏👏👏👏👏👏👏👏👏👏👏👏👏👏👏👏👏👏👏👏""",1660072270
0,"=""2022-08-09T19:04:10""","=""17981050729604661""",0,"=""3890682939""","=""2901161714747779927""","=""😂😂👏👏👏""",1660071850
1,"=""2022-08-09T18:23:57""","=""17981682061594713""",0,"=""2047076504""","=""2901161714747779927""","=""Lembranças misturada com saudades 😍 abraço Governador 🙌estamos juntos🤝🏽""",1660069437
1,"=""2022-08-09T18:05:34""","=""18011982964434026""",0,"=""8560253340""","=""2901161714747779927""","=""👏👏💪💪""",1660068334
1,"=""2022-08-09T18:04:02""","=""18250202320103196""",0,"=""579446023""","=""2901161714747779927""","=""🙏🏼👏🏽""",1660068242
1,"=""2022-08-09T17:56:19""","=""17954840246008342""",0,"=""629687147""","=""2901161714747779927""","=""Pra cima governador, Deus abençoe sempre 👏👏👏""",1660067779
1,"=""2022-08-09T17:38:15""","=""18170884720220135""",0,"=""3589716264""","=""2901161714747779927""","=""👊🏻👊🏻🇧🇷""",1660066695
1,"=""2022-08-09T17:27:07""","=""17945984255293911""",0,"=""1170979033""","=""2901161714747779927""","=""Muito bom haha 👏""",1660066027
0,"=""2022-08-10T00:08:40""","=""17891708468672726""",0,"=""24830806834""","=""2901295794627077380""","=""👏👏👏👏👏👏👏👏👏👏👏👏👏👏👏👏👏👏""",1660090120
0,"=""2022-08-09T23:46:09""","=""17898336212645873""",0,"=""10258461193""","=""2901295794627077380""","=""👏👏👏👏""",1660088769
0,"=""2022-08-09T23:37:04""","=""18045947197356097""",0,"=""5556725576""","=""2901295794627077380""","=""Tem que aprovar ois funcionários da saúde ?""",1660088224
0,"=""2022-08-09T23:14:01""","=""17926721903336295""",0,"=""4764895059""","=""2901295794627077380""","=""👏👏👏👏👏""",1660086841
0,"=""2022-08-09T23:04:14""","=""17981058115581733""",0,"=""498726619""","=""2901295794627077380""","=""👏👏👏👏👏👏👏👏👏""",1660086254
0,"=""2022-08-09T23:03:11""","=""17951647894906083""",1,"=""10176067432""","=""2901295794627077380""","=""Maravilha por isso o trabalho não pode parar, que Deus continue conduzindo os seus caminhos sempre guerreiro Governador""",1660086191
0,"=""2022-08-09T22:36:38""","=""17984016322523836""",0,"=""41396939400""","=""2901295794627077380""","=""Vc tem meu voto governador , e mais 4 anos de trabalho e asfalto nesse Mato Grosso , mostra pro blairo como governa um estado rico nesse país""",1660084598
0,"=""2022-08-09T22:30:37""","=""18154791967301099""",1,"=""1785128780""","=""2901295794627077380""","=""👏👏🙌🙌""",1660084237
0,"=""2022-08-09T22:11:02""","=""17928464693319858""",1,"=""426540599""","=""2901295794627077380""","=""👏👏👏""",1660083062
0,"=""2022-08-09T22:07:08""","=""18309662074014804""",0,"=""25972569950""","=""2901295794627077380""","=""👏👏👏👏👏👏👏👏👏👏👏""",1660082828
0,"=""2022-08-09T21:52:48""","=""17987019955536523""",0,"=""53485380349""","=""2901295794627077380""","=""👏👏👏👏👏""",1660081968
0,"=""2022-08-09T21:52:04""","=""18068404372314704""",0,"=""17552847""","=""2901295794627077380""","=""👏👏👏👏👏""",1660081924
0,"=""2022-08-09T21:48:47""","=""17867912981717884""",0,"=""16320389""","=""2901295794627077380""","=""👏🏽👏🏽👏🏽""",1660081727
0,"=""2022-08-09T21:45:49""","=""17895031664656496""",1,"=""289104564""","=""2901295794627077380""","=""👏👏👏""",1660081549
0,"=""2022-08-10T00:23:50""","=""17878638392714046""",0,"=""1090265198""","=""2901330981526744467""","=""👏👏👏👏 pra cima""",1660091030
0,"=""2022-08-10T00:23:26""","=""17940630266108549""",0,"=""25758561177""","=""2901330981526744467""","=""👏👏👏👏👏""",1660091006
0,"=""2022-08-10T00:20:36""","=""17933665799238942""",0,"=""186140776""","=""2901330981526744467""","=""👏👏👏👏👏""",1660090836
0,"=""2022-08-10T00:20:31""","=""17951247758033451""",0,"=""416911820""","=""2901330981526744467""","=""👏""",1660090831
,"=""2022-08-10T00:19:36""","=""18312875998007752""",,"=""185185490""","=""2901330981526744467""","=""@lucaasan_ 💪🚀""",1660090776
0,"=""2022-08-10T00:18:36""","=""17962740952851122""",0,"=""376920384""","=""2901330981526744467""","=""👏👏👏👏👏👏👏👏""",1660090716
0,"=""2022-08-10T00:17:04""","=""17962612150852235""",0,"=""12863050210""","=""2901330981526744467""","=""Parabéns Governador! 👏🏼 👏👏💯""",1660090624
0,"=""2022-08-10T00:16:53""","=""17861866010777410""",0,"=""54267380744""","=""2901330981526744467""","=""Bom dia 👍🏻👏🏻👏🏻👏🏻👏🏻👏🏻""",1660090613
0,"=""2022-08-10T00:14:54""","=""17972117524664891""",0,"=""12863050210""","=""2901330981526744467""","=""🙌👏👏👏🙌🤝🚀🚀""",1660090494
0,"=""2022-08-10T00:13:15""","=""17922611351383665""",0,"=""6294596759""","=""2901330981526744467""","=""Boa governador 👏 espero chamar mais alunos pro primeiro CFP PCAM👊""",1660090395
0,"=""2022-08-10T00:10:53""","=""18178167928214546""",0,"=""6294596759""","=""2901330981526744467""","=""👏👏👏👏 excelente!
#aprovadopcam""",1660090253
1,"=""2022-08-10T00:10:51""","=""18226399051151485""",1,"=""7149714139""","=""2901330981526744467""","=""👏👏👏👏👏👏""",1660090251
1,"=""2022-08-10T00:09:56""","=""17962290688855315""",1,"=""374553753""","=""2901330981526744467""","=""pra cima meu governador""",1660090196
1,"=""2022-08-10T00:09:22""","=""18181780924228117""",1,"=""188977202""","=""2901330981526744467""","=""👏🏽👏🏽👏🏽👏🏽👏🏽""",1660090162
1,"=""2022-08-10T00:07:47""","=""18033888352354902""",1,"=""8145868""","=""2901330981526744467""","=""👏""",1660090067
1,"=""2022-08-10T00:07:28""","=""17971905775679719""",1,"=""2988134747""","=""2901330981526744467""","=""👏👏👏👏""",1660090048
1,"=""2022-08-10T00:07:11""","=""18043501051360704""",1,"=""418825932""","=""2901330981526744467""","=""👏👏👏👏""",1660090031
1,"=""2022-08-10T00:05:56""","=""17933418140461005""",1,"=""31732922281""","=""2901330981526744467""","=""Ótimas melhorias 👏🏻👏🏻👏🏻👏🏻""",1660089956
1,"=""2022-08-10T00:02:08""","=""17942361182092761""",1,"=""3930116290""","=""2901330981526744467""","=""Mais segurança para a população 👏🏼👏🏼👏🏼""",1660089728
1,"=""2022-08-09T23:58:58""","=""17929635341405379""",1,"=""15630058698""","=""2901330981526744467""","=""Obrigada governador @wilsonlimaam 🙌🏻🙌🏻🙌🏻""",1660089538
1,"=""2022-08-09T23:58:52""","=""17974678645631689""",1,"=""5880374736""","=""2901330981526744467""","=""👏👏👏👏👏👏👏👏👏👏👏""",1660089532
1,"=""2022-08-09T23:58:43""","=""18073966654308621""",1,"=""260361558""","=""2901330981526744467""","=""Arretou meu comandante !!!""",1660089523
1,"=""2022-08-09T23:58:31""","=""17901062564640453""",1,"=""289732156""","=""2901330981526744467""","=""👏🏻👏🏻👏🏻💪🏼""",1660089511
1,"=""2022-08-09T23:58:05""","=""17918810717582232""",1,"=""268261730""","=""2901330981526744467""","=""É isso aí!!!!👏👏👏👏 @wilsonlimaam""",1660089485
1,"=""2022-08-09T23:55:32""","=""18311429977005315""",1,"=""49355978744""","=""2901330981526744467""","=""👏👏👏👏👏👏""",1660089332
1,"=""2022-08-09T23:53:28""","=""17931498551383982""",1,"=""231148469""","=""2901330981526744467""","=""Meu governador!👏👏👏👏👏""",1660089208
1,"=""2022-08-09T23:51:45""","=""18141236401277365""",1,"=""1458476813""","=""2901330981526744467""","=""👏👏👏👏👏""",1660089105
1,"=""2022-08-09T23:51:42""","=""17951577155013669""",1,"=""29485384""","=""2901330981526744467""","=""👏🏻👏🏻👏🏻👏🏻""",1660089102
1,"=""2022-08-09T23:48:51""","=""18309600439014734""",1,"=""8953871940""","=""2901330981526744467""","=""👏👏👏👏👏👏👏""",1660088931
1,"=""2022-08-09T23:48:14""","=""18219516031194294""",1,"=""266736453""","=""2901330981526744467""","=""👏👏👏👏""",1660088894
1,"=""2022-08-09T23:47:38""","=""17941724192269367""",1,"=""1453111650""","=""2901330981526744467""","=""Vamos com tudo, governador. 👏👏👏""",1660088858
0,"=""2022-08-09T23:47:33""","=""17940180023113155""",0,"=""8597411334""","=""2901330981526744467""","=""Precisamos da policia nos bairros. Precisamos fiscalizando os ônibus,Precisamos que a justiça faça a parte dela..porque nós pagamos nossos impostos👏""",1660088853
1,"=""2022-08-09T23:47:19""","=""17956097443851728""",1,"=""26287130711""","=""2901330981526744467""","=""A minha praia 🏖️🔥""",1660088839
1,"=""2022-08-09T23:43:32""","=""18211111048082698""",1,"=""1722121355""","=""2901330981526744467""","=""👏👏👏👏👏👏👏👏""",1660088612
1,"=""2022-08-09T23:43:29""","=""17947068158157711""",1,"=""495914133""","=""2901330981526744467""","=""👮👏👏👏👏""",1660088609
0,"=""2022-08-09T23:42:41""","=""17886525068637045""",0,"=""13018736330""","=""2901330981526744467""","=""Por essas e por outras que o senhor chamando 6x vezes para as demais etapas os aprovados do certame 2021 tão esperado com isso nossos amigos e familiares vendo o olhar que senhor está dando para a nossa segurança o estado está ficando cada vez mais seguro com o seu comando estamos com o senhor e aguardando para servir e proteger a nossa sociedade 👏""",1660088561
0,"=""2022-08-09T23:40:53""","=""18307820833021833""",0,"=""449803039""","=""2901330981526744467""","=""Parabéns governador @wilsonlimaam pelo excelente trabalho na segurança pública. Contamos com sua aprovação para 6x mais para o concurso da PM-AM 🙌👏👏""",1660088453
1,"=""2022-08-09T23:38:33""","=""18103649698289749""",1,"=""262385175""","=""2901330981526744467""","=""Isso aí, gov! Pra cimaaaa 💪🏻👏🏻👏🏻👏🏻👏🏻""",1660088313
1,"=""2022-08-09T23:37:07""","=""18023977084403371""",1,"=""7755430485""","=""2901330981526744467""","=""👏🏻👏🏻👏🏻👏🏻👏🏻👏🏻👏🏻👏🏻👏🏻""",1660088227
1,"=""2022-08-09T23:36:49""","=""18245228035109551""",1,"=""316071523""","=""2901330981526744467""","=""👏👏👏👏""",1660088209
0,"=""2022-08-09T23:36:42""","=""17878992683706265""",0,"=""990264514""","=""2901330981526744467""","=""Muito bom Sr. Governador.. Conte com os aprovados do concurso da PMAM 2021 para reforçar ainda mais a segurança pública do nosso amado Estado.. Garanta 6X Mais convocados para as próximas fases..""",1660088202
0,"=""2022-08-09T23:34:38""","=""17924289518345001""",0,"=""2261775444""","=""2901330981526744467""","=""Pra reforçar a segurança pública, é necessário nomear os aprovados no concurso público da SSP""",1660088078
1,"=""2022-08-09T23:33:43""","=""17917934747541346""",1,"=""1468349988""","=""2901330981526744467""","=""Que top,isso mostra o quanto vc tem compromisso com o povo👏👏""",1660088023
1,"=""2022-08-09T23:33:01""","=""18221776558151675""",1,"=""195046082""","=""2901330981526744467""","=""Melhor Governador para o Amazonas""",1660087981
1,"=""2022-08-09T23:32:46""","=""17852257067800694""",1,"=""195046082""","=""2901330981526744467""","=""👏👏👏""",1660087966
0,"=""2022-08-09T23:32:46""","=""17988001384496805""",1,"=""2205343715""","=""2901330981526744467""","=""Deus possa abençoar à vida de cada um desses guerreiro que trabalha pela segurança do povo. Parabén governador  Wilson Lima. 🙌🙌👏👏👏""",1660087966
1,"=""2022-08-09T23:30:41""","=""18211588405081579""",1,"=""255807889""","=""2901330981526744467""","=""Excelente meu governador @wilsonlimaam 👏👏👏""",1660087841
1,"=""2022-08-09T23:28:42""","=""17858208452788282""",1,"=""18652986""","=""2901330981526744467""","=""👏👏👏""",1660087722
1,"=""2022-08-09T23:28:32""","=""17977337224615851""",1,"=""53214469146""","=""2901330981526744467""","=""👏👏👏👏👏👏👏👏👏👏👏👏👏👏👏👏👏👏👏👏👏👏👏👏👏😍😍😍😍👏👏👏👏👏👏👏👏👏👏""",1660087712
1,"=""2022-08-09T23:28:19""","=""17931434294285309""",1,"=""48609898365""","=""2901330981526744467""","=""🙌🙏🔥🔥🔥👏👏👏""",1660087699
1,"=""2022-08-09T23:27:37""","=""17948416910114177""",1,"=""39020032659""","=""2901330981526744467""","=""Esperamos resultados positivos com essa operação 👏👏👏""",1660087657
1,"=""2022-08-09T23:26:55""","=""17922271163400477""",1,"=""7625582374""","=""2901330981526744467""","=""👏👏👏👏🚀🚀🚀""",1660087615
1,"=""2022-08-09T23:26:08""","=""17850320885793328""",5,"=""452495927""","=""2901330981526744467""","=""Segurança é importante para população. 👏👏👏👏👏👏""",1660087568
1,"=""2022-08-09T23:25:51""","=""17959960513780872""",1,"=""32972842""","=""2901330981526744467""","=""👏🏻👏🏻👏🏻 o trabalho não para 💪🏻💪🏻💪🏻""",1660087551
1,"=""2022-08-09T23:25:26""","=""18300666694075048""",1,"=""391444299""","=""2901330981526744467""","=""Show governador""",1660087526
1,"=""2022-08-09T23:25:05""","=""17952092579064714""",1,"=""7576163872""","=""2901330981526744467""","=""Parabéns governador, polícia nas ruas, famílias mais seguras 👏🏼👏🏼👏🏼""",1660087505
1,"=""2022-08-09T23:23:41""","=""17890016990623849""",1,"=""1713365040""","=""2901330981526744467""","=""Parabéns Governador @wilsonlimaam, por estar valorizando e dando melhores condições de trabalho aos nossos guerreiros da Polícia Militar. O @coronelviniciusalmeida está fazendo uma excelente gestão como Comandante Geral da nossa PM. Deus abençoe e proteja todos vocês 🙌""",1660087421
0,"=""2022-08-09T23:23:15""","=""18038422681368885""",0,"=""1536556440""","=""2901330981526744467""","=""Cadê a data base governador""",1660087395
1,"=""2022-08-09T23:22:00""","=""17938434638146549""",1,"=""32477866""","=""2901330981526744467""","=""🙌🙌🙌🙌""",1660087320
1,"=""2022-08-09T23:21:54""","=""17967158332774408""",1,"=""1679085600""","=""2901330981526744467""","=""Boa, governador. É isso aí! Tmj!""",1660087314
0,"=""2022-08-09T23:21:51""","=""18177700333229740""",0,"=""560339106""","=""2901330981526744467""","=""Vamos fortalecer ainda mais a segurança @wilsonlimaam , chama 6x mais 🙌👮🏻👮🏻""",1660087311
0,"=""2022-08-09T23:21:47""","=""17921048492409502""",0,"=""53480837936""","=""2901330981526744467""","=""Deveriam responder as pessoas no direct @wilsonlimaam""",1660087307
1,"=""2022-08-09T23:21:38""","=""18047645488324087""",1,"=""4294225556""","=""2901330981526744467""","=""👏👏👏""",1660087298
1,"=""2022-08-09T23:21:28""","=""17951671739047751""",1,"=""253120154""","=""2901330981526744467""","=""👏🏻👏🏻👏🏻 top!""",1660087288
1,"=""2022-08-09T23:19:08""","=""18227713330123790""",1,"=""399172099""","=""2901330981526744467""","=""👏👏👏👏👏👏👏""",1660087148
1,"=""2022-08-09T23:18:07""","=""17992641652509755""",1,"=""33553306796""","=""2901330981526744467""","=""👊👊👊👊🤝🤝🤝🤝👏👏👏👏""",1660087087
1,"=""2022-08-09T23:18:03""","=""17920021511444832""",1,"=""530499437""","=""2901330981526744467""","=""👏👏👏👏👏👏👏""",1660087083
1,"=""2022-08-09T23:17:43""","=""17941618133238750""",1,"=""4081367""","=""2901330981526744467""","=""💪🏻💪🏻💪🏻""",1660087063
0,"=""2022-08-09T23:17:20""","=""17943523166188354""",2,"=""2268889854""","=""2901330981526744467""","=""Nossa segurança cada vez melhor ajudando as pessoas a ficarem mais seguras pela cidade""",1660087040
1,"=""2022-08-09T23:17:19""","=""17945957279167540""",2,"=""2797623530""","=""2901330981526744467""","=""Sr. Governador @wilsonlimaam , a segurança pública agradece por 6x mais para a PC e BM clama por efetivo  na polícia militar tanto na capital como nos interiores, sabemos q nosso estado precisa urgentemente de mais segurança e estamos aptos para exercer as próxima fases do concurso.Não nos torne diferente, chame 6x mais para PM 
contamos com seu apoio!
#amazonasmaisseguro6xmaisnaproximafase
#maissegurança""",1660087039
1,"=""2022-08-09T23:17:04""","=""17930964281396421""",1,"=""463027682""","=""2901330981526744467""","=""Com certeza 👏""",1660087024
1,"=""2022-08-09T23:17:01""","=""17843658737822810""",1,"=""2058486838""","=""2901330981526744467""","=""👏👏👏👏👏👏👏👏👏👏""",1660087021
1,"=""2022-08-09T23:16:51""","=""17923111427386190""",1,"=""2286650658""","=""2901330981526744467""","=""👏👏👏👏🔥🔥🙌🙌🙌""",1660087011
1,"=""2022-08-09T23:16:08""","=""17920878656422062""",1,"=""2518158479""","=""2901330981526744467""","=""👏👏👏👏👏👏❤️❤️❤️❤️""",1660086968
1,"=""2022-08-09T23:15:26""","=""18231562735131241""",1,"=""5434191439""","=""2901330981526744467""","=""👏👏""",1660086926
1,"=""2022-08-09T23:15:24""","=""18218032135155319""",1,"=""5434191439""","=""2901330981526744467""","=""👏👏""",1660086924
1,"=""2022-08-09T23:15:01""","=""17959375675806853""",1,"=""220388239""","=""2901330981526744467""","=""👏👏👏👏👏👏""",1660086901
1,"=""2022-08-09T23:14:41""","=""17861260433748957""",1,"=""26580238676""","=""2901330981526744467""","=""👏👏👏👏👏👏""",1660086881
1,"=""2022-08-09T23:14:26""","=""18000780241469246""",1,"=""1305857401""","=""2901330981526744467""","=""💪👏👏""",1660086866
0,"=""2022-08-09T23:14:22""","=""17939862803122828""",0,"=""1083908663""","=""2901330981526744467""","=""Governador olha pela saúde do nosso amazonas pois aqui no 28 lotado""",1660086862
0,"=""2022-08-09T23:14:13""","=""18311519692044848""",1,"=""578087708""","=""2901330981526744467""","=""No aguardo dos 6x mais para a PM AM @wilsonlimaam , para fortalecer ainda mais a segurança do estado""",1660086853
1,"=""2022-08-09T23:14:03""","=""18312977962027667""",1,"=""7012986726""","=""2901330981526744467""","=""👏👏👏👏👏👏🙌🙌""",1660086843
1,"=""2022-08-09T23:13:46""","=""17969822017631984""",1,"=""55530999""","=""2901330981526744467""","=""🚀🚀🚀""",1660086826
0,"=""2022-08-09T23:13:25""","=""18105071797289573""",0,"=""8699367741""","=""2901330981526744467""","=""@wilsonlimaam chama 6x no concurso da PM meu governador! contamos com senhor estamos ansiosos pela retificação.""",1660086805
1,"=""2022-08-09T23:13:20""","=""17862883223773979""",2,"=""1604805078""","=""2901330981526744467""","=""Nossa que bacana,mais uma operação que irá trazer grandes resultados para a população, tudo sendo feito para nossa segurança.👏👏""",1660086800
1,"=""2022-08-09T23:13:20""","=""17980791781541816""",6,"=""18354225449""","=""2901330981526744467""","=""Segurança e tudo parabéns Governador 👏👏""",1660086800
1,"=""2022-08-09T23:13:20""","=""18014281507425899""",1,"=""544370836""","=""2901330981526744467""","=""Boa meu Governador 🚀🚀👏🏽""",1660086800
1,"=""2022-08-09T23:12:54""","=""17893942988659285""",1,"=""16239134763""","=""2901330981526744467""","=""Ninguém segura 👏🏻👏🏻👏🏻👏🏻""",1660086774
0,"=""2022-08-09T23:11:30""","=""17887459787688283""",0,"=""286190295""","=""2901330981526744467""","=""Em breve mais vagas serão disponíveis 🙏 confiamos no governo concurso PM 22""",1660086690
1,"=""2022-08-09T23:11:00""","=""18000813886480188""",1,"=""4315856449""","=""2901330981526744467""","=""#souwilson""",1660086660
1,"=""2022-08-09T23:10:42""","=""17975177251719214""",1,"=""398511380""","=""2901330981526744467""","=""👏👏👏""",1660086642
0,"=""2022-08-09T23:10:18""","=""17994977605498844""",0,"=""4315856449""","=""2901330981526744467""","=""Detran-AM nas  ruas! Segurança viária tem que  ser prioridade sempre, meu governador. O trabalho fala pela gente! Amazonas + Seguro! #nomeiadetran""",1660086618
1,"=""2022-08-09T23:09:19""","=""17943600947059469""",1,"=""791086454""","=""2901330981526744467""","=""Segurança de qualidade 👏👏👏""",1660086559
1,"=""2022-08-09T23:08:54""","=""17867462375706718""",1,"=""48697572548""","=""2901330981526744467""","=""👊🏼👊🏼👊🏼👊🏼 pra cima!!’""",1660086534
1,"=""2022-08-09T23:08:45""","=""17993930833502658""",1,"=""2221994905""","=""2901330981526744467""","=""👏👏👏👏👏""",1660086525
0,"=""2022-08-09T23:08:37""","=""17968406182667396""",1,"=""2800032811""","=""2901330981526744467""","=""Parabéns pelo trabalho maravilhoso 💚 💚 💚 💚 🙌🙌🙌🙌👏👏👏👏👏""",1660086517
1,"=""2022-08-09T23:08:28""","=""17969527765697113""",1,"=""1305857401""","=""2901330981526744467""","=""💪👏👏""",1660086508
1,"=""2022-08-09T23:08:15""","=""17962391977859512""",1,"=""472411613""","=""2901330981526744467""","=""É daqui pra melhor! 🙌👏🙌👏""",1660086495
1,"=""2022-08-09T23:08:05""","=""17927858651324258""",1,"=""2800032811""","=""2901330981526744467""","=""👏👏👏👏👏👏👏👏👏👏👏""",1660086485
1,"=""2022-08-09T23:07:50""","=""17918042378582845""",1,"=""2800032811""","=""2901330981526744467""","=""👏👏👏👏👏👏👏👏👏👏👏👏🙌🙌🙌🙌""",1660086470
1,"=""2022-08-09T21:01:51""","=""17949828730958615""",1,"=""12396100""","=""2900969873842885411""","=""👏👏👏👏👏""",1660078911
1,"=""2022-08-09T20:28:26""","=""17931378692280449""",1,"=""21911027""","=""2900969873842885411""","=""👏👏👏""",1660076906
1,"=""2022-08-09T20:17:18""","=""17920734794424296""",1,"=""8733214372""","=""2900969873842885411""","=""👏👏👏👏""",1660076238
1,"=""2022-08-09T19:50:30""","=""17963105788850583""",1,"=""7819328839""","=""2900969873842885411""","=""@wilsonlimaam libera o auxílio estadual pro dias dos pais @wilsonlimaam""",1660074630
1,"=""2022-08-09T19:32:51""","=""18230179813120613""",1,"=""27541662220""","=""2900969873842885411""","=""👏👏👏👏""",1660073571
1,"=""2022-08-09T19:21:18""","=""17980862374597603""",1,"=""35453656""","=""2900969873842885411""","=""👏👏👏👏""",1660072878
1,"=""2022-08-09T19:05:08""","=""18185135434170927""",1,"=""33056009495""","=""2900969873842885411""","=""🙌👏👏""",1660071908
1,"=""2022-08-09T18:47:58""","=""17877745844675623""",1,"=""27438554170""","=""2900969873842885411""","=""Ótimo trabalho governador, estamos esperando a recuperação do ramal nova esperança km 62 Am 070, que você prometeu à alguns meses.....""",1660070878
1,"=""2022-08-09T18:39:24""","=""17938489181491331""",1,"=""10830438876""","=""2900969873842885411""","=""👏👏👏""",1660070364
0,"=""2022-08-09T18:12:02""","=""17951978222015255""",1,"=""42334455132""","=""2900969873842885411""","=""Parabéns por tudo que vem fazendo por nosso estado! O destino é a vitória!""",1660068722
1,"=""2022-08-09T18:07:38""","=""17947224812132406""",1,"=""48054169401""","=""2900969873842885411""","=""👏👏👏👏""",1660068458
2,"=""2022-08-09T17:35:19""","=""17897013137651556""",1,"=""601509103""","=""2900969873842885411""","=""P👏👏👏qye Deus lhe abençoe, nos merecemos, o trabalho falar por nós 🙌""",1660066519
0,"=""2022-08-09T17:34:49""","=""17986329766530691""",0,"=""46037617351""","=""2900969873842885411""","=""@wilsonlimaam  lima meu governador cadê os aparelhos de tomografia de ressonância magnética que o povo tanto precisa no interior ? Porque não viabilizar um investimento desses por exemplo pra cidade de Coari …e cidades próximas a ela ? Iria beneficiar vários municípios próximos …e várias populações do interior … em vez de gastar com diversas Transferencia de pacientes  por meios de empresas aéreas , equipe médicas de  transferência de paciente … me convide pra conversarmos e eu vou expor assuntos que irão beneficiar várias pessoas é melhor propaganda que trazer saúde à população não há @wilsonlimaam""",1660066489
1,"=""2022-08-09T17:10:01""","=""17931350978284810""",1,"=""1099854868""","=""2900969873842885411""","=""Parabenizar vc pelo trabalho isso faz o 🚀 subir cada vez mais 👏👏👏👏👏👏👏""",1660065001
2,"=""2022-08-09T17:07:34""","=""17930884076455393""",1,"=""1099854868""","=""2900969873842885411""","=""👏👏👏👏""",1660064854
1,"=""2022-08-09T17:05:32""","=""17939875526256127""",1,"=""46000636763""","=""2900969873842885411""","=""👏👏👏""",1660064732
1,"=""2022-08-09T17:00:31""","=""17970898315733010""",1,"=""351835710""","=""2900969873842885411""","=""👏🏻👏🏻👏🏻👏🏻👏🏻""",1660064431
1,"=""2022-08-09T16:47:32""","=""17946016652141024""",1,"=""195642513""","=""2900969873842885411""","=""Que Deus abençoe o nosso governador @wilsonlimaam. Parabéns pelo execelente trabalho em prol da sociedade amazonense. 👏👏""",1660063652
1,"=""2022-08-09T16:46:21""","=""18308994736030892""",1,"=""195642513""","=""2900969873842885411""","=""👏👏👏👏""",1660063581
1,"=""2022-08-09T16:43:36""","=""17977277605568173""",1,"=""3268373484""","=""2900969873842885411""","=""👏👏👏👏👏""",1660063416
1,"=""2022-08-09T16:39:37""","=""17918513444546908""",1,"=""358346195""","=""2900969873842885411""","=""👏""",1660063177
1,"=""2022-08-09T16:29:13""","=""17916017792558369""",1,"=""47554953753""","=""2900969873842885411""","=""Excelente trabalho governador 👏👏""",1660062553
1,"=""2022-08-09T16:26:02""","=""18059324686323813""",1,"=""7940083338""","=""2900969873842885411""","=""💪🏾💪🏾💪🏾""",1660062362
1,"=""2022-08-09T16:17:04""","=""18060488302325024""",1,"=""271843246""","=""2900969873842885411""","=""👏👏👏""",1660061824
2,"=""2022-08-09T16:09:35""","=""18251765470103151""",1,"=""2081929431""","=""2900969873842885411""","=""Esse é meu governador""",1660061375
1,"=""2022-08-09T16:08:24""","=""17943778889183191""",1,"=""364231003""","=""2900969873842885411""","=""É trabalho, trabalho o Gov não para @wilsonlimaam 👏👏👏""",1660061304
1,"=""2022-08-09T16:06:14""","=""17946796889144435""",1,"=""225601939""","=""2900969873842885411""","=""👏👏👏""",1660061174
1,"=""2022-08-09T16:02:44""","=""17977842355566218""",1,"=""4619781841""","=""2900969873842885411""","=""Boa governador 👏👏👏👏👏👏👏""",1660060964
1,"=""2022-08-09T15:41:46""","=""17966792662774905""",1,"=""51901461067""","=""2900969873842885411""","=""O melhor trabalho de mobilidade urbana  da história desse estado 👏👏👏👏👏""",1660059706
1,"=""2022-08-09T15:37:58""","=""17964524728836254""",1,"=""399172099""","=""2900969873842885411""","=""👏👏👏👏👏👏""",1660059478
0,"=""2022-08-09T15:31:55""","=""18049136473351048""",0,"=""3096494395""","=""2900969873842885411""","=""Tô precisando de uma moradia Governo @wilsonlimaam Sou do interior de Eirunepé, vim fazer faculdade e trabalhar. Tô precisando da sua ajuda para uma moradia, meu aluguel tá atrasado. Não estou conseguindo pagar meu aluguel 🥺""",1660059115
1,"=""2022-08-09T15:31:26""","=""18014227084426420""",2,"=""9720291979""","=""2900969873842885411""","=""👏👏👏👏👏""",1660059086
1,"=""2022-08-09T15:22:24""","=""17918527208471064""",1,"=""585107810""","=""2900969873842885411""","=""👏👏👏👏""",1660058544
1,"=""2022-08-09T15:17:09""","=""18210891532083303""",1,"=""45036984556""","=""2900969873842885411""","=""Otimo governador 🙏🏻👏🏻""",1660058229
1,"=""2022-08-09T15:14:33""","=""17974841278649029""",1,"=""373114835""","=""2900969873842885411""","=""Só melhorando a vida da população 👏👏""",1660058073
0,"=""2022-08-09T15:06:25""","=""17909484620617323""",1,"=""54749336086""","=""2900969873842885411""","=""Oi @wilsonlimaam já pensaram em adiantar o auxílio estadual deste mês? O dia dos pais está chegando! ❤️🔥""",1660057585
1,"=""2022-08-09T14:43:57""","=""17917362770569564""",0,"=""54194992072""","=""2900969873842885411""","=""Queria que todo ano fosse de política pois só assim querem mostrar serviço  #Forawilsonlima""",1660056237
1,"=""2022-08-09T14:32:44""","=""17962770835742613""",1,"=""146309425""","=""2900969873842885411""","=""👏🏻👏🏻👏🏻🙏🏻🙌🏻""",1660055564
1,"=""2022-08-09T14:30:32""","=""17867578673714926""",1,"=""53742868846""","=""2900969873842885411""","=""👏🏽👏🏽👏🏽👏🏽👏🏽""",1660055432
1,"=""2022-08-09T14:28:30""","=""17973305026660659""",1,"=""12863050210""","=""2900969873842885411""","=""Parabéns Governador, por tantos trabalhos incansáveis, para nosso Amazonas. Deus continue lhe abençoando 🙌🙏🤝""",1660055310
2,"=""2022-08-09T14:28:19""","=""18006185140426251""",0,"=""4112257340""","=""2900969873842885411""","=""👏👏👏👏👏👏vai ficar top pra andar de moto parabéns governador""",1660055299
1,"=""2022-08-09T14:26:29""","=""17959328788804338""",1,"=""12863050210""","=""2900969873842885411""","=""👏👏👏🤝🤝🚀""",1660055189
1,"=""2022-08-09T14:08:28""","=""18149014246271772""",1,"=""23710284973""","=""2900969873842885411""","=""👏🏻👏🏻👏🏻👏🏻👏🏻👏🏻👏🏻""",1660054108
1,"=""2022-08-09T13:59:09""","=""17934011480229736""",1,"=""6277327077""","=""2900969873842885411""","=""Parabéns Governador o trabalho fala pela gente.""",1660053549
1,"=""2022-08-09T13:56:54""","=""17917671887537303""",1,"=""508631982""","=""2900969873842885411""","=""👏👏👏👏👏""",1660053414
1,"=""2022-08-09T13:55:42""","=""17944441553180566""",1,"=""472411613""","=""2900969873842885411""","=""Vai facilitar muito para a população! Obrigada!👏👏👏🙌""",1660053342
1,"=""2022-08-09T13:54:15""","=""17917760195580164""",1,"=""51043061134""","=""2900969873842885411""","=""👏👏👏👏""",1660053255
1,"=""2022-08-09T13:52:18""","=""18302801806070507""",1,"=""3737262185""","=""2900969873842885411""","=""👏👏👏👏👏👏👏👏""",1660053138
1,"=""2022-08-09T13:51:05""","=""17942517731234849""",1,"=""1556542652""","=""2900969873842885411""","=""Vai facilitar muito a nossa vida 😍👏👏👏👏""",1660053065
1,"=""2022-08-09T13:50:22""","=""17866998980722402""",2,"=""1451959351""","=""2900969873842885411""","=""👏👏👏👏""",1660053022
,"=""2022-08-09T13:43:55""","=""17921790725400365""",1,"=""1247440524""","=""2900969873842885411""","=""👏👏👏👏👏""",1660052635
1,"=""2022-08-09T13:38:57""","=""17962476382853361""",1,"=""7576163872""","=""2900969873842885411""","=""👏🏼👏🏼👏🏼 parabéns""",1660052337
1,"=""2022-08-09T13:37:05""","=""18008577466445502""",1,"=""1821644323""","=""2900969873842885411""","=""Excelente trabalho 👏🏽👏🏽👏🏽""",1660052225
1,"=""2022-08-09T13:28:58""","=""17967529921759016""",1,"=""7699599644""","=""2900969873842885411""","=""👏👏👏👏👏👏""",1660051738
1,"=""2022-08-09T13:24:02""","=""17942017151080346""",1,"=""197049858""","=""2900969873842885411""","=""👏🏻👏🏻👏🏻👏🏻👏🏻""",1660051442
1,"=""2022-08-09T13:18:50""","=""17852209772801431""",1,"=""500440052""","=""2900969873842885411""","=""🔥🔥🙌🙌""",1660051130
1,"=""2022-08-09T13:18:45""","=""17962216381858428""",1,"=""500440052""","=""2900969873842885411""","=""👏👏👏👏""",1660051125
1,"=""2022-08-09T13:15:21""","=""18249107185104622""",1,"=""3141942665""","=""2900969873842885411""","=""🚜 👏👏🙌🏻🙌🏻""",1660050921
1,"=""2022-08-09T12:51:43""","=""17940262919258704""",1,"=""51131920547""","=""2900969873842885411""","=""👏👏👏👏👏""",1660049503
1,"=""2022-08-09T12:50:02""","=""18239429347186467""",1,"=""53628504182""","=""2900969873842885411""","=""🚀🚀🚀🚀👏👏👏👏""",1660049402
1,"=""2022-08-09T12:49:49""","=""18222896629144175""",1,"=""53593864930""","=""2900969873842885411""","=""O trabalho fala pela gente""",1660049389
1,"=""2022-08-09T12:47:14""","=""17931120128420199""",1,"=""54737005682""","=""2900969873842885411""","=""O trabalho e a força de vontade não para. Eh isso aí Wilson. 👏👏👏👏👏""",1660049234
1,"=""2022-08-09T12:46:35""","=""18139312636281422""",1,"=""42641347952""","=""2900969873842885411""","=""👏👏👏""",1660049195
1,"=""2022-08-09T12:45:36""","=""18229285660123875""",1,"=""54752826889""","=""2900969873842885411""","=""Eh o compromisso com o povo. E segue firme. 👏👏👏👏👏""",1660049136
1,"=""2022-08-09T12:44:53""","=""18220064005146978""",1,"=""7277091631""","=""2900969873842885411""","=""👏👏👏parabéns governador""",1660049093
1,"=""2022-08-09T12:44:34""","=""18238600714139251""",1,"=""452495927""","=""2900969873842885411""","=""Eh o trabalho fazendo a diferença.👏👏🏻""",1660049074
1,"=""2022-08-09T12:44:03""","=""18311738461003229""",1,"=""25334630029""","=""2900969873842885411""","=""Muito bom governador 👏👏👏@wilsonlimaam""",1660049043
1,"=""2022-08-09T12:41:12""","=""17947649510113415""",1,"=""254451006""","=""2900969873842885411""","=""Não paraaaaaa 🚀🚀""",1660048872
1,"=""2022-08-09T12:40:20""","=""18146589418259505""",1,"=""2518158479""","=""2900969873842885411""","=""🚀🚀🚀🚀""",1660048820
1,"=""2022-08-09T12:38:00""","=""17965543018823697""",1,"=""536552902""","=""2900969873842885411""","=""Show👏👏""",1660048680
1,"=""2022-08-09T12:37:56""","=""17945984216029418""",1,"=""544370836""","=""2900969873842885411""","=""👏👏👏👏👏👏""",1660048676
1,"=""2022-08-09T12:36:43""","=""17929763111417572""",1,"=""55530999""","=""2900969873842885411""","=""👏🏽👏🏽👏🏽""",1660048603
1,"=""2022-08-09T12:34:18""","=""18212043193087049""",1,"=""5895921203""","=""2900969873842885411""","=""👏👏👏👏👏""",1660048458
1,"=""2022-08-09T12:33:48""","=""17977768819617129""",1,"=""1452482004""","=""2900969873842885411""","=""👏👏👏🔥🙌❤️😍😍😍😍🔥👏👏""",1660048428
1,"=""2022-08-09T12:30:32""","=""17962343083742101""",1,"=""15630058698""","=""2900969873842885411""","=""Que maravilha governador @wilsonlimaam 👏🏻👏🏻👏🏻""",1660048232
1,"=""2022-08-09T12:29:38""","=""17944736402180648""",1,"=""268261730""","=""2900969873842885411""","=""Show👏👏👏""",1660048178
1,"=""2022-08-09T12:26:03""","=""17916508634578554""",1,"=""295806493""","=""2900969873842885411""","=""👏👏👏👏👏👏""",1660047963
1,"=""2022-08-09T12:20:33""","=""18172010461241139""",1,"=""6735433208""","=""2900969873842885411""","=""Vaiii Gov 👏🏻👏🏻👏🏻👏🏻👏🏻🚀🚀🚀""",1660047633
1,"=""2022-08-09T12:20:23""","=""18040440979363828""",1,"=""6735433208""","=""2900969873842885411""","=""🚀🚀🚀🚀🚀🚀🚀🚀🚀🚀""",1660047623
1,"=""2022-08-09T12:19:48""","=""17874863996702347""",1,"=""48773655234""","=""2900969873842885411""","=""Obra muito importante! 👏🏻👏🏻👏🏻👏🏻""",1660047588
1,"=""2022-08-09T12:16:32""","=""17956495996938245""",1,"=""2959046294""","=""2900969873842885411""","=""👏👏👏👏 💯👍🏻""",1660047392
1,"=""2022-08-09T12:15:59""","=""17930591780292056""",1,"=""4153266600""","=""2900969873842885411""","=""#estamosjuntoswilsonlima01""",1660047359
1,"=""2022-08-09T12:15:43""","=""17938992086479013""",1,"=""37238116155""","=""2900969873842885411""","=""É isso aí meu governador!!! O trabalho continua 👏👏👏""",1660047343
1,"=""2022-08-09T12:14:10""","=""18309129616025990""",1,"=""31857910105""","=""2900969873842885411""","=""👏👏👏""",1660047250
1,"=""2022-08-09T12:12:52""","=""17937304061487996""",1,"=""54200868950""","=""2900969873842885411""","=""Parabéns pelo trabalho que está fazendo governador. 👏👏👏""",1660047172
1,"=""2022-08-09T12:12:49""","=""17974261477630501""",1,"=""40917241735""","=""2900969873842885411""","=""Excelente trabalho, Governador 👏🏾👏🏾👏🏾🚀🚀""",1660047169
1,"=""2022-08-09T12:12:24""","=""18287628754073367""",1,"=""47713583256""","=""2900969873842885411""","=""E isso aí governador sempre pensando na população manauara ótimo demais ver essas obras""",1660047144
1,"=""2022-08-09T12:12:08""","=""17928926144406254""",1,"=""297635612""","=""2900969873842885411""","=""O homem não para! 🚀🚀🚀""",1660047128
1,"=""2022-08-09T12:11:36""","=""17933788709221106""",1,"=""54740765238""","=""2900969873842885411""","=""Perfeito trabalho do governador fazendo essas obras para as famílias que precisam de moradia""",1660047096
1,"=""2022-08-09T12:10:06""","=""18191293777207101""",1,"=""44996762537""","=""2900969873842885411""","=""Excelente trabalho governador 👏👏👏""",1660047006
1,"=""2022-08-09T12:09:57""","=""17981368957592615""",1,"=""54169199568""","=""2900969873842885411""","=""Muito bom ver que essas obras estão a cada dia evoluindo""",1660046997
1,"=""2022-08-09T12:09:16""","=""17934040907233032""",3,"=""43323995307""","=""2900969873842885411""","=""O trabalho segue firme 👏👏👏""",1660046956
0,"=""2022-08-09T12:05:05""","=""18038430367368322""",0,"=""2321142288""","=""2900969873842885411""","=""Nosso governador #NOMEIADETRAN os 29 examinadores na Categoria AE aprovados no concurso público @wilsonlimaam""",1660046705
1,"=""2022-08-09T12:04:58""","=""17951466173025558""",1,"=""791086454""","=""2900969873842885411""","=""👏👏👏👏""",1660046698
1,"=""2022-08-09T12:04:58""","=""17949915202952807""",1,"=""16270518188""","=""2900969873842885411""","=""👏👏👏👏""",1660046698
1,"=""2022-08-09T11:59:44""","=""17867112767758623""",1,"=""31516472254""","=""2900969873842885411""","=""👏👏👏 Governador""",1660046384
1,"=""2022-08-09T11:59:34""","=""17987860969531859""",1,"=""4506598815""","=""2900969873842885411""","=""Parabéns Governador 👏🏻👏🏻👏🏻""",1660046374
1,"=""2022-08-09T11:58:55""","=""17860312262782616""",1,"=""252692008""","=""2900969873842885411""","=""Esse é meu Gov, parabéns pelo trabalho 👏🏼👏🏼👏🏼👏🏼""",1660046335
1,"=""2022-08-09T11:57:59""","=""17936685815168048""",1,"=""52370812346""","=""2900969873842885411""","=""É nítido o avanço nosso governador @wilsonlimaam 👏👏👏👏👏""",1660046279
1,"=""2022-08-09T11:54:19""","=""17893708880611756""",1,"=""1513352321""","=""2900969873842885411""","=""Esse é o governo que trabalha pela gente 👏👏""",1660046059